Workbook

Sheet Referencia_Conteineres
A1: Contêineres e Estruturas Modulares SICRO — dimensões e preços (RO 07/2025 - Relatório Sintético de Materiais)
A3: Código | B3: Descrição | C3: Tipo (TEU) | D3: Largura L (m) | E3: Comprimento C (m) | F3: Área AE (m²) = L×C | G3: Massa/tara ME (kg) | H3: Preço unitário de referência (R$) | I3: Fonte
A4: M0041 | B4: Contêiner com 2 banheiros | C4: 1 TEU | D4: 2.44 | E4: 6.09 | F4: =D4*E4 -> 14.8596 | G4: 2250 | H4: 104554.24 | I4: RO 07/2025 - Relatório Sintético de Materiais (DNIT/SICRO)
A5: M0042 | B5: Contêiner com janela | C5: 1 TEU | D5: 2.44 | E5: 6.09 | F5: =D5*E5 -> 14.8596 | G5: 2250 | H5: 46176.552 | I5: RO 07/2025 - Relatório Sintético de Materiais (DNIT/SICRO)
A6: M0059 | B6: Contêiner com revestimento térmico, janela e banheiro | C6: 1 TEU | D6: 2.44 | E6: 6.09 | F6: =D6*E6 -> 14.8596 | G6: 2250 | H6: 66136.251 | I6: RO 07/2025 - Relatório Sintético de Materiais (DNIT/SICRO)
A7: M0057 | B7: Contêiner com janela | C7: 1 TEU duplo | D7: 4.88 | E7: 6.09 | F7: =D7*E7 -> 29.7192 | G7: 4500 | H7: 152940.49 | I7: RO 07/2025 - Relatório Sintético de Materiais (DNIT/SICRO)
A8: M0058 | B8: Contêiner com janela e 2 banheiros | C8: 1 TEU duplo | D8: 4.88 | E8: 6.09 | F8: =D8*E8 -> 29.7192 | G8: 4500 | H8: 157955.49 | I8: RO 07/2025 - Relatório Sintético de Materiais (DNIT/SICRO)
A9: M0066 | B9: Contêiner com revestimento térmico, janela e banheiro | C9: 2 TEU | D9: 2.44 | E9: 12.9 | F9: =D9*E9 -> 31.476 | G9: 3850 | H9: 144414.99 | I9: RO 07/2025 - Relatório Sintético de Materiais (DNIT/SICRO)
A10: M0060 | B10: Contêiner com janela | C10: 3/4 TEU | D10: 2.44 | E10: 4.58 | F10: =D10*E10 -> 11.1752 | G10: 1775 | H10: 65938.743 | I10: RO 07/2025 - Relatório Sintético de Materiais (DNIT/SICRO)
A11: M0065 | B11: Contêiner com janela e banheiro | C11: 3/4 TEU | D11: 2.44 | E11: 4.58 | F11: =D11*E11 -> 11.1752 | G11: 1775 | H11: 83992.743 | I11: RO 07/2025 - Relatório Sintético de Materiais (DNIT/SICRO)
A12: M0071 | B12: Contêiner com 3 janelas para guarita | C12: 1/2 TEU | D12: 2.44 | E12: 3.05 | F12: =D12*E12 -> 7.442 | G12: 1300 | H12: 52318.077 | I12: RO 07/2025 - Relatório Sintético de Materiais (DNIT/SICRO)
A13: M0291 | B13: Estrutura modular com 2 banheiros | C13: 1 TEU | D13: 2.44 | E13: 6.06 | F13: =D13*E13 -> 14.7864 | G13: 2250 | H13: 88426.102 | I13: RO 07/2025 - Relatório Sintético de Materiais (DNIT/SICRO)
A14: M0292 | B14: Estrutura modular com janela | C14: 1 TEU | D14: 2.44 | E14: 6.06 | F14: =D14*E14 -> 14.7864 | G14: 2250 | H14: 73409.221 | I14: RO 07/2025 - Relatório Sintético de Materiais (DNIT/SICRO)
A15: M0295 | B15: Estrutura modular com revestimento térmico, janela e banheiro | C15: 1 TEU | D15: 2.44 | E15: 6.06 | F15: =D15*E15 -> 14.7864 | G15: 2250 | H15: 81618.776 | I15: RO 07/2025 - Relatório Sintético de Materiais (DNIT/SICRO)
... A19: M0297 | B19: Estrutura modular com 3 janelas para guarita | C19: 1/2 TEU | D19: 2.44 | E19: 3.05 | F19: =D19*E19 -> 7.442 | G19: 1300 | H19: 44763.715 | I19: RO 07/2025 - Relatório Sintético de Materiais (DNIT/SICRO)
A21: ⚠ A coluna "Massa/tara (kg)" foi PRÉ-PREENCHIDA com ESTIMATIVAS de mercado/ISO para contêineres 20 e 40 pés (interpolação para 1/2 e 3/4 TEU, tamanhos não-padronizados). NÃO é dado oficial do Manual DNIT nem do Relatório Sintético de Materiais — nenhum dos dois traz peso de contêiner. Passe o mouse na célula para ver a fonte, e substitua pelo dado real do fabricante sempre que possível.
A22: Área AE = Largura × Comprimento (dimensões exatas do RO 07/2025 - Relatório Sintético de Materiais, Rondônia, julho/2025).
A23: "Estrutura modular" é um item alternativo ao "Contêiner" no mesmo relatório, com dimensões e preços próprios (levemente diferentes no comprimento).

Sheet Calculo_FU
A1: Cálculo do Fator de Utilização (FU) — Mobilização de Contêineres (Manual DNIT, Volume 08, Equações 2, 3 e 4)
A2: Legenda: células AMARELAS = preencher com seus dados. Células brancas = calculadas automaticamente (fórmulas).
A4: Código (selecione) | B4: Descrição (automático) | C4: Área do contêiner AE (m²) | D4: Massa do contêiner ME (kg) | E4: Área útil do transportador AET (m²) | F4: Carga útil do transportador CET (kg) | G4: FUA (AE/AET) | H4: FUC (ME/CET) | I4: FU (=MAX(FUA;FUC))
A5: M0057 | B5: =IF($A5="","",IFERROR(INDEX(Referencia_Conteineres!$B$4:$B$19,MATCH($A5,Referencia_Conteineres!$A$4:$A$19,0)),"")) -> Contêiner com janela | C5: =IF($A5="","",IFERROR(INDEX(Referencia_Conteineres!$F$4:$F$19,MATCH($A5,Referencia_Conteineres!$A$4:$A$19,0)),"")) -> 29.7192 | D5: 2300 | E5: 32 | F5: 27000 | G5: =IFERROR(C5/E5,"") -> 0.928725 | H5: =IFERROR(D5/F5,"") -> 0.085185185 | I5: =IFERROR(MAX(G5,H5),"") -> 0.928725
B6: =IF($A6="","",IFERROR(INDEX(Referencia_Conteineres!$B$4:$B$19,MATCH($A6,Referencia_Conteineres!$A$4:$A$19,0)),"")) | C6: =IF($A6="","",IFERROR(INDEX(Referencia_Conteineres!$F$4:$F$19,MATCH($A6,Referencia_Conteineres!$A$4:$A$19,0)),"")) | G6: =IFERROR(C6/E6,"") | H6: =IFERROR(D6/F6,"") | I6: =IFERROR(MAX(G6,H6),"") -> 0
B7: =IF($A7="","",IFERROR(INDEX(Referencia_Conteineres!$B$4:$B$19,MATCH($A7,Referencia_Conteineres!$A$4:$A$19,0)),"")) | C7: =IF($A7="","",IFERROR(INDEX(Referencia_Conteineres!$F$4:$F$19,MATCH($A7,Referencia_Conteineres!$A$4:$A$19,0)),"")) | G7: =IFERROR(C7/E7,"") | H7: =IFERROR(D7/F7,"") | I7: =IFERROR(MAX(G7,H7),"") -> 0
B8: =IF($A8="","",IFERROR(INDEX(Referencia_Conteineres!$B$4:$B$19,MATCH($A8,Referencia_Conteineres!$A$4:$A$19,0)),"")) | C8: =IF($A8="","",IFERROR(INDEX(Referencia_Conteineres!$F$4:$F$19,MATCH($A8,Referencia_Conteineres!$A$4:$A$19,0)),"")) | G8: =IFERROR(C8/E8,"") | H8: =IFERROR(D8/F8,"") | I8: =IFERROR(MAX(G8,H8),"") -> 0
B9: =IF($A9="","",IFERROR(INDEX(Referencia_Conteineres!$B$4:$B$19,MATCH($A9,Referencia_Conteineres!$A$4:$A$19,0)),"")) | C9: =IF($A9="","",IFERROR(INDEX(Referencia_Conteineres!$F$4:$F$19,MATCH($A9,Referencia_Conteineres!$A$4:$A$19,0)),"")) | G9: =IFERROR(C9/E9,"") | H9: =IFERROR(D9/F9,"") | I9: =IFERROR(MAX(G9,H9),"") -> 0
B10: =IF($A10="","",IFERROR(INDEX(Referencia_Conteineres!$B$4:$B$19,MATCH($A10,Referencia_Conteineres!$A$4:$A$19,0)),"")) | C10: =IF($A10="","",IFERROR(INDEX(Referencia_Conteineres!$F$4:$F$19,MATCH($A10,Referencia_Conteineres!$A$4:$A$19,0)),"")) | G10: =IFERROR(C10/E10,"") | H10: =IFERROR(D10/F10,"") | I10: =IFERROR(MAX(G10,H10),"") -> 0
B11: =IF($A11="","",IFERROR(INDEX(Referencia_Conteineres!$B$4:$B$19,MATCH($A11,Referencia_Conteineres!$A$4:$A$19,0)),"")) | C11: =IF($A11="","",IFERROR(INDEX(Referencia_Conteineres!$F$4:$F$19,MATCH($A11,Referencia_Conteineres!$A$4:$A$19,0)),"")) | G11: =IFERROR(C11/E11,"") | H11: =IFERROR(D11/F11,"") | I11: =IFERROR(MAX(G11,H11),"") -> 0
B12: =IF($A12="","",IFERROR(INDEX(Referencia_Conteineres!$B$4:$B$19,MATCH($A12,Referencia_Conteineres!$A$4:$A$19,0)),"")) | C12: =IF($A12="","",IFERROR(INDEX(Referencia_Conteineres!$F$4:$F$19,MATCH($A12,Referencia_Conteineres!$A$4:$A$19,0)),"")) | G12: =IFERROR(C12/E12,"") | H12: =IFERROR(D12/F12,"") | I12: =IFERROR(MAX(G12,H12),"") -> 0
B13: =IF($A13="","",IFERROR(INDEX(Referencia_Conteineres!$B$4:$B$19,MATCH($A13,Referencia_Conteineres!$A$4:$A$19,0)),"")) | C13: =IF($A13="","",IFERROR(INDEX(Referencia_Conteineres!$F$4:$F$19,MATCH($A13,Referencia_Conteineres!$A$4:$A$19,0)),"")) | G13: =IFERROR(C13/E13,"") | H13: =IFERROR(D13/F13,"") | I13: =IFERROR(MAX(G13,H13),"") -> 0
B14: =IF($A14="","",IFERROR(INDEX(Referencia_Conteineres!$B$4:$B$19,MATCH($A14,Referencia_Conteineres!$A$4:$A$19,0)),"")) | C14: =IF($A14="","",IFERROR(INDEX(Referencia_Conteineres!$F$4:$F$19,MATCH($A14,Referencia_Conteineres!$A$4:$A$19,0)),"")) | G14: =IFERROR(C14/E14,"") | H14: =IFERROR(D14/F14,"") | I14: =IFERROR(MAX(G14,H14),"") -> 0
B15: =IF($A15="","",IFERROR(INDEX(Referencia_Conteineres!$B$4:$B$19,MATCH($A15,Referencia_Conteineres!$A$4:$A$19,0)),"")) | C15: =IF($A15="","",IFERROR(INDEX(Referencia_Conteineres!$F$4:$F$19,MATCH($A15,Referencia_Conteineres!$A$4:$A$19,0)),"")) | G15: =IFERROR(C15/E15,"") | H15: =IFERROR(D15/F15,"") | I15: =IFERROR(MAX(G15,H15),"") -> 0
B16: =IF($A16="","",IFERROR(INDEX(Referencia_Conteineres!$B$4:$B$19,MATCH($A16,Referencia_Conteineres!$A$4:$A$19,0)),"")) | C16: =IF($A16="","",IFERROR(INDEX(Referencia_Conteineres!$F$4:$F$19,MATCH($A16,Referencia_Conteineres!$A$4:$A$19,0)),"")) | G16: =IFERROR(C16/E16,"") | H16: =IFERROR(D16/F16,"") | I16: =IFERROR(MAX(G16,H16),"") -> 0
B17: =IF($A17="","",IFERROR(INDEX(Referencia_Conteineres!$B$4:$B$19,MATCH($A17,Referencia_Conteineres!$A$4:$A$19,0)),"")) | C17: =IF($A17="","",IFERROR(INDEX(Referencia_Conteineres!$F$4:$F$19,MATCH($A17,Referencia_Conteineres!$A$4:$A$19,0)),"")) | G17: =IFERROR(C17/E17,"") | H17: =IFERROR(D17/F17,"") | I17: =IFERROR(MAX(G17,H17),"") -> 0
... B20: =IF($A20="","",IFERROR(INDEX(Referencia_Conteineres!$B$4:$B$19,MATCH($A20,Referencia_Conteineres!$A$4:$A$19,0)),"")) | C20: =IF($A20="","",IFERROR(INDEX(Referencia_Conteineres!$F$4:$F$19,MATCH($A20,Referencia_Conteineres!$A$4:$A$19,0)),"")) | G20: =IFERROR(C20/E20,"") | H20: =IFERROR(D20/F20,"") | I20: =IFERROR(MAX(G20,H20),"") -> 0
A22: Fórmulas (Manual de Custos DNIT — Volume 08, seção 3.4.3):
A23: FUA = AE / AET (Equação 2 — área do contêiner ÷ área útil do transportador)
A24: FUC = ME / CET (Equação 3 — massa do contêiner ÷ carga útil do transportador)
A25: FU = MAIOR valor entre FUA e FUC (Equação 4)
A27: Área (AE) vem automaticamente da aba Referencia_Conteineres (dimensões exatas do RO 07/2025 - Relatório Sintético de Materiais).
A28: Preencha "Massa do contêiner (ME)" com o dado do fabricante — não consta em nenhum documento do Manual DNIT ou do Relatório Sintético.
A29: Preencha "Área útil (AET)" e "Carga útil (CET)" do veículo transportador escolhido (ex.: carreta prancha, munck etc.).
A30: Se o contêiner exceder a capacidade dimensional do transportador, o FU pode ser maior que 1 (indicando necessidade de fragmentação/outro veículo).
