Workbook

Sheet DURACAO_SERVICOS
B2: SINALIZAÇÃO DE OBRAS - DURAÇÃO DOS SERVIÇOS
B3: CÓDIGO | C3: DESCRIÇÃO | D3: QUANTIDADE | E3: UN | F3: PROD. HORÁRIA (UND/H) | G3: TEMPO DE EXECUÇÃO (H) | H3: TEMPO DE BANDEIROLA (H) | I3: PROJETO TIPO
C4: PISTA DE ROLAMENTO
G5: =TRUNC(D5/F5,3) -> #DIV/0! | H5: =IF(OR(I5=3,I5=17),G5,0) -> 0
G6: =TRUNC(D6/F6,3) -> #DIV/0! | H6: =IF(OR(I6=3,I6=17),G6,0) -> 0
G7: =TRUNC(D7/F7,3) -> #DIV/0! | H7: =IF(OR(I7=3,I7=17),G7,0) -> 0
G8: =TRUNC(D8/F8,3) -> #DIV/0! | H8: =IF(OR(I8=3,I8=17),G8,0) -> 0
G9: =TRUNC(D9/F9,3) -> #DIV/0! | H9: =IF(OR(I9=3,I9=17),G9,0) -> 0
G10: =TRUNC(D10/F10,3) -> #DIV/0! | H10: =IF(OR(I10=3,I10=17),G10,0) -> 0
G11: =TRUNC(D11/F11,3) -> #DIV/0! | H11: =IF(OR(I11=3,I11=17),G11,0) -> 0
G12: =TRUNC(D12/F12,3) -> #DIV/0! | H12: =IF(OR(I12=3,I12=17),G12,0) -> 0
G13: =TRUNC(D13/F13,3) -> #DIV/0! | H13: =IF(OR(I13=3,I13=17),G13,0) -> 0
G14: =TRUNC(D14/F14,3) -> #DIV/0! | H14: =IF(OR(I14=3,I14=17),G14,0) -> 0
G15: =TRUNC(D15/F15,3) -> #DIV/0! | H15: =IF(OR(I15=3,I15=17),G15,0) -> 0
G16: =TRUNC(D16/F16,3) -> #DIV/0! | H16: =IF(OR(I16=3,I16=17),G16,0) -> 0
G17: =TRUNC(D17/F17,3) -> #DIV/0! | H17: =IF(OR(I17=3,I17=17),G17,0) -> 0
C19: ACOSTAMENTO
G20: =TRUNC(D20/F20,3) -> #DIV/0! | H20: =IF(OR(I20=3,I20=17),G20,0) -> 0
G21: =TRUNC(D21/F21,3) -> #DIV/0! | H21: =IF(OR(I21=3,I21=17),G21,0) -> 0
G22: =TRUNC(D22/F22,3) -> #DIV/0! | H22: =IF(OR(I22=3,I22=17),G22,0) -> 0
G23: =TRUNC(D23/F23,3) -> #DIV/0! | H23: =IF(OR(I23=3,I23=17),G23,0) -> 0
G24: =TRUNC(D24/F24,3) -> #DIV/0! | H24: =IF(OR(I24=3,I24=17),G24,0) -> 0
G25: =TRUNC(D25/F25,3) -> #DIV/0! | H25: =IF(OR(I25=3,I25=17),G25,0) -> 0
G26: =TRUNC(D26/F26,3) -> #DIV/0! | H26: =IF(OR(I26=3,I26=17),G26,0) -> 0
G27: =TRUNC(D27/F27,3) -> #DIV/0! | H27: =IF(OR(I27=3,I27=17),G27,0) -> 0
G28: =TRUNC(D28/F28,3) -> #DIV/0! | H28: =IF(OR(I28=3,I28=17),G28,0) -> 0
C30: SINALIZAÇÃO E SEGURANÇA VIÁRIA
G31: =TRUNC(D31/F31,3) -> #DIV/0! | H31: =IF(OR(I31=3,I31=17),G31,0) -> 0
C33: MANUTENÇÃO E CONSERVAÇÃO ROTINEIRA
B34: MER | C34: MANUTENÇÃO E CONSERVAÇÃO ROTINEIRA | E34: km | F34: 15 | G34: =F34*D34 -> 0 | H34: =IF(OR(I34=3,I34=17),G34,0) -> 0

Sheet TEMPO_PROJETO_TIPO
B2: SINALIZAÇÃO DE OBRAS - CÁLCULO DO TEMPO DE EXECUÇÃO E OPERAÇÃO
B3: PROJETO TIPO | C3: DESCRIÇÃO | D3: HORAS DE SERVIÇO | E3: DIAS DE SERVIÇO | F3: QUANTIDADE DE OPERADORES DE BANDEIROLA/PARE E SIGA | G3: HORA DE OPERAÇÃO
B4: 1 | C4: Fixo no acostamento | D4: =SUMIFS(DURACAO_SERVICOS!$G$4:$G$35,DURACAO_SERVICOS!$I$4:$I$35,B4) -> 0 | E4: =D4/7.333 -> 0 | F4: 0 | G4: =TRUNC(D4*F4,3) -> 0
B5: 3 | C5: Fixo na pista com operação Pare e Siga | D5: =SUMIFS(DURACAO_SERVICOS!$G$4:$G$35,DURACAO_SERVICOS!$I$4:$I$35,B5) -> 0 | E5: =D5/7.333 -> 0 | F5: 4 | G5: =TRUNC(D5*F5,3) -> 0
B6: 16 | C6: Móvel no acostamento | D6: =SUMIFS(DURACAO_SERVICOS!$G$4:$G$35,DURACAO_SERVICOS!$I$4:$I$35,B6) -> 0 | E6: =D6/7.333 -> 0 | F6: 1 | G6: =TRUNC(D6*F6,3) -> 0
B7: 17 | C7: Móvel na pista com operação Pare e Siga | D7: =SUMIFS(DURACAO_SERVICOS!$G$4:$G$35,DURACAO_SERVICOS!$I$4:$I$35,B7) -> 0 | E7: =D7/7.333 -> 0 | F7: 4 | G7: =TRUNC(D7*F7,3) -> 0

Sheet UN_DIA
B3: SINALIZAÇÃO DE OBRAS - CÁLCULO DA QUANTIDADE DE UN.DIA
B4: CÓDIGO DISPOSITIVO | C4: DESCRIÇÃO | D4: QUANTITATIDE UN.DIA | H4: TOTAL
D5: 1 | E5: 3 | F5: 16 | G5: 17
B6: R-1 | C6: Parada Obrigatória (Pare e Siga) | D6: =ROUND(D24*TEMPO_PROJETO_TIPO!$E$4,0) -> 0 | E6: =ROUND(E24*TEMPO_PROJETO_TIPO!$E$5,0) -> 0 | F6: =ROUND(F24*TEMPO_PROJETO_TIPO!$E$6,0) -> 0 | G6: =ROUND(G24*TEMPO_PROJETO_TIPO!$E$7,0) -> 0 | H6: =SUM(D6:G6) -> 0 | K6: 5212558 | L6: =H6 -> 0
B7: R-7 | C7: Proibido Ultrapassar | D7: =ROUND(D25*TEMPO_PROJETO_TIPO!$E$4,0) -> 0 | E7: =ROUND(E25*TEMPO_PROJETO_TIPO!$E$5,0) -> 0 | F7: =ROUND(F25*TEMPO_PROJETO_TIPO!$E$6,0) -> 0 | G7: =ROUND(G25*TEMPO_PROJETO_TIPO!$E$7,0) -> 0 | H7: =SUM(D7:G7) -> 0 | K7: 5212557 | L7: =H7+H8 -> 0
B8: R-19 | C8: Velocidade Máxima permitida | D8: =ROUND(D26*TEMPO_PROJETO_TIPO!$E$4,0) -> 0 | E8: =ROUND(E26*TEMPO_PROJETO_TIPO!$E$5,0) -> 0 | F8: =ROUND(F26*TEMPO_PROJETO_TIPO!$E$6,0) -> 0 | G8: =ROUND(G26*TEMPO_PROJETO_TIPO!$E$7,0) -> 0 | H8: =SUM(D8:G8) -> 0 | K8: 5212560 | L8: =H9+H10+H11+H12 -> 0
B9: A-24 | C9: Obras ou serviço | D9: =ROUND(D27*TEMPO_PROJETO_TIPO!$E$4,0) -> 0 | E9: =ROUND(E27*TEMPO_PROJETO_TIPO!$E$5,0) -> 0 | F9: =ROUND(F27*TEMPO_PROJETO_TIPO!$E$6,0) -> 0 | G9: =ROUND(G27*TEMPO_PROJETO_TIPO!$E$7,0) -> 0 | H9: =SUM(D9:G9) -> 0 | K9: 5212556 | L9: =H13+H14 -> 0
B10: A15 + DIST | C10: Parada Obrigatória a frente com indicação de distância | D10: =ROUND(D28*TEMPO_PROJETO_TIPO!$E$4,0) -> 0 | E10: =ROUND(E28*TEMPO_PROJETO_TIPO!$E$5,0) -> 0 | F10: =ROUND(F28*TEMPO_PROJETO_TIPO!$E$6,0) -> 0 | G10: =ROUND(G28*TEMPO_PROJETO_TIPO!$E$7,0) -> 0 | H10: =SUM(D10:G10) -> 0 | K10: 5213835 | L10: =H15 -> 0
B11: A24 + DIST | C11: Obras ou serviço com indicação de distância | D11: =ROUND(D29*TEMPO_PROJETO_TIPO!$E$4,0) -> 0 | E11: =ROUND(E29*TEMPO_PROJETO_TIPO!$E$5,0) -> 0 | F11: =ROUND(F29*TEMPO_PROJETO_TIPO!$E$6,0) -> 0 | G11: =ROUND(G29*TEMPO_PROJETO_TIPO!$E$7,0) -> 0 | H11: =SUM(D11:G11) -> 0 | K11: 5213838 | L11: =H16 -> 0
B12: DESVIO | C12: Desvio (1,25 x 0,40 m) | D12: =ROUND(D30*TEMPO_PROJETO_TIPO!$E$4,0) -> 0 | E12: =ROUND(E30*TEMPO_PROJETO_TIPO!$E$5,0) -> 0 | F12: =ROUND(F30*TEMPO_PROJETO_TIPO!$E$6,0) -> 0 | G12: =ROUND(G30*TEMPO_PROJETO_TIPO!$E$7,0) -> 0 | H12: =SUM(D12:G12) -> 0 | K12: 5213383 | L12: =H17 -> 0
B13: FIM DAS OBRAS | C13: Fim das obras (1,25 x 0,80 m) | D13: =ROUND(D31*TEMPO_PROJETO_TIPO!$E$4,0) -> 0 | E13: =ROUND(E31*TEMPO_PROJETO_TIPO!$E$5,0) -> 0 | F13: =ROUND(F31*TEMPO_PROJETO_TIPO!$E$6,0) -> 0 | G13: =ROUND(G31*TEMPO_PROJETO_TIPO!$E$7,0) -> 0 | H13: =SUM(D13:G13) -> 0 | K13: 5213850 | L13: =SUM(TEMPO_PROJETO_TIPO!G4:G7) -> 0
B14: SEM ACOST | C14: Trecho sem acostamento (1,75 x 1,00 m) | D14: =ROUND(D32*TEMPO_PROJETO_TIPO!$E$4,0) -> 0 | E14: =ROUND(E32*TEMPO_PROJETO_TIPO!$E$5,0) -> 0 | F14: =ROUND(F32*TEMPO_PROJETO_TIPO!$E$6,0) -> 0 | G14: =ROUND(G32*TEMPO_PROJETO_TIPO!$E$7,0) -> 0 | H14: =SUM(D14:G14) -> 0
B15: CONE | C15: Cone plástico para canalização de trânsito | D15: =ROUND(D33*TEMPO_PROJETO_TIPO!$E$4,0) -> 0 | E15: =ROUND(E33*TEMPO_PROJETO_TIPO!$E$5,0) -> 0 | F15: =ROUND(F33*TEMPO_PROJETO_TIPO!$E$6,0) -> 0 | G15: =ROUND(G33*TEMPO_PROJETO_TIPO!$E$7,0) -> 0 | H15: =SUM(D15:G15) -> 0
B16: TAMBOR | C16: Cilindro canalizador de tráfego com base quadrada | D16: =ROUND(D34*TEMPO_PROJETO_TIPO!$E$4,0) -> 0 | E16: =ROUND(E34*TEMPO_PROJETO_TIPO!$E$5,0) -> 0 | F16: =ROUND(F34*TEMPO_PROJETO_TIPO!$E$6,0) -> 0 | G16: =ROUND(G34*TEMPO_PROJETO_TIPO!$E$7,0) -> 0 | H16: =SUM(D16:G16) -> 0
B17: CAVAL. ART. | C17: Cavalete Articulado | D17: =ROUND(D35*TEMPO_PROJETO_TIPO!$E$4,0) -> 0 | E17: =ROUND(E35*TEMPO_PROJETO_TIPO!$E$5,0) -> 0 | F17: =ROUND(F35*TEMPO_PROJETO_TIPO!$E$6,0) -> 0 | G17: =ROUND(G35*TEMPO_PROJETO_TIPO!$E$7,0) -> 0 | H17: =SUM(D17:G17) -> 0
B24: R-1 | C24: Parada Obrigatória (Pare e Siga) | D24: 0 | E24: 4 | F24: 0 | G24: 4
B25: R-7 | C25: Proibido Ultrapassar | D25: 0 | E25: 4 | F25: 0 | G25: 0
B26: R-19 | C26: Velocidade Máxima permitida | D26: 2 | E26: 6 | F26: 0 | G26: 4
B27: A-24 | C27: Obras ou serviço | D27: 1 | E27: 0 | F27: 0 | G27: 0
B28: A15 + DIST | C28: Parada Obrigatória a frente com indicação de distância | D28: 0 | E28: 2 | F28: 0 | G28: 2
B29: A24 + DIST | C29: Obras ou serviço com indicação de distância | D29: 2 | E29: 4 | F29: 2 | G29: 2
B30: DESVIO | C30: Desvio (1,25 x 0,40 m) | D30: 0 | E30: 1 | F30: 0 | G30: 0
B31: FIM DAS OBRAS | C31: Fim das obras (1,25 x 0,80 m) | D31: 2 | E31: 2 | F31: 0 | G31: 0
B32: SEM ACOST | C32: Trecho sem acostamento (1,75 x 1,00 m) | D32: 1 | E32: 0 | F32: 1 | G32: 0
B33: CONE | C33: Cone plástico para canalização de trânsito | D33: 103 | E33: 148 | F33: 111 | G33: 82
B34: TAMBOR | C34: Cilindro canalizador de tráfego com base quadrada | D34: 11 | E34: 16 | F34: 0 | G34: 0
B35: CAVAL. ART. | C35: Cavalete Articulado | D35: 1 | E35: 6 | F35: 0 | G35: 3

Sheet SERV_SIN
B3: SINALIZAÇÃO DE OBRAS - SERVIÇOS
B4: CÓDIGO | C4: DESCRIÇÃO | D4: TOTAL
B6: 5212558 | C6: PLACA DE REGULAMENTAÇÃO PARA SINALIZAÇÃO DE OBRAS MONTADA EM SUPORTE METÁLICO MÓVEL, R1 LADO 0,414 M - UTILIZAÇÃO DE 600 CICLOS - FORNECIMENTO, 01 IMPLANTAÇÃO E 01 RETIRADA DIÁRIA | D6: =VLOOKUP(B6,UN_DIA!$K:$L,2,FALSE) -> 0
B7: 5212557 | C7: PLACA DE REGULAMENTAÇÃO PARA SINALIZAÇÃO DE OBRAS MONTADA EM SUPORTE METÁLICO MÓVEL - D = 1,00 M - UTILIZAÇÃO DE 600 CICLOS - FORNECIMENTO, 01 IMPLANTAÇÃO E 01 RETIRADA DIÁRIA | D7: =VLOOKUP(B7,UN_DIA!$K:$L,2,FALSE) -> 0
B8: 5212560 | C8: PLACA DE ADVERTÊNCIA PARA SINALIZAÇÃO DE OBRAS MONTADA EM SUPORTE METÁLICO MÓVEL, LADO 1,00 M - UTILIZAÇÃO DE 600 CICLOS - FORNECIMENTO, 01 IMPLANTAÇÃO E 01 RETIRADA DIÁRIA | D8: =VLOOKUP(B8,UN_DIA!$K:$L,2,FALSE) -> 0
B9: 5212556 | C9: PLACA PARA SINALIZAÇÃO DE OBRAS MONTADA EM CAVALETE METÁLICO - 1,00 X 1,00 M - UTILIZAÇÃO DE 600 CICLOS - FORNECIMENTO, 01 IMPLANTAÇÃO E 01 RETIRADA DIÁRIA | D9: =VLOOKUP(B9,UN_DIA!$K:$L,2,FALSE) -> 0
B10: 5213835 | C10: CONE PLÁSTICO PARA CANALIZAÇÃO DE TRÂNSITO - UTILIZAÇÃO DE 150 CICLOS - FORNECIMENTO, 01 IMPLANTAÇÃO E 01 RETIRADA DIÁRIA | D10: =VLOOKUP(B10,UN_DIA!$K:$L,2,FALSE) -> 0
B11: 5213838 | C11: CILINDRO CANALIZADOR DE TRÁFEGO COM BASE QUADRADA DE 111 X 56 X 56 CM - UTILIZAÇÃO DE 600 CICLOS - FORNECIMENTO, 01 IMPLANTAÇÃO E 01 RETIRADA DIÁRIA | D11: =VLOOKUP(B11,UN_DIA!$K:$L,2,FALSE) -> 0
B12: 5213383 | C12: CAVALETE EM POLIETILENO ZEBRADO COM FAIXA REFLETIVA - H = 1,00 M - UTILIZAÇÃO DE 600 CICLOS - FORNECIMENTO, 01 IMPLANTAÇÃO E 01 RETIRADA DIÁRIA | D12: =VLOOKUP(B12,UN_DIA!$K:$L,2,FALSE) -> 0
B13: 5213850 | C13: OPERAÇÃO DE SINALIZAÇÃO POR BANDEIROLA DE TECIDO OU COM PLACA METÁLICA | D13: =VLOOKUP(B13,UN_DIA!$K:$L,2,FALSE) -> 0
